timestamp_utc,STATUS,FUEL_STATUS,ENGINE_LOAD,COOLANT_TEMP,SHORT_FUEL_TRIM_1,LONG_FUEL_TRIM_1,INTAKE_PRESSURE,RPM,SPEED,TIMING_ADVANCE,INTAKE_TEMP,THROTTLE_POS,O2_SENSORS,O2_B1S1,O2_B1S2,OBD_COMPLIANCE,DISTANCE_W_MIL,THROTTLE_POS_B
2026-05-11T13:48:17+00:00,MIL=False DTC=0 ignition=spark,"('Closed loop, using oxygen sensor feedback to determine fuel mix', '')",39.21568627450981 percent,90 degree_Celsius,-1.5625 percent,9.375 percent,48 kilopascal,809.0 revolutions_per_minute,0.0 kilometer_per_hour,2.0 degree,74 degree_Celsius,14.117647058823529 percent,"((), (False, False, False, False), (False, False, True, True))",0.55 volt,0.72 volt,EOBD (Europe),0.0 kilometer,14.117647058823529 percent
2026-05-11T13:48:23+00:00,MIL=False DTC=0 ignition=spark,"('Closed loop, using oxygen sensor feedback to determine fuel mix', '')",38.431372549019606 percent,90 degree_Celsius,0.78125 percent,9.375 percent,47 kilopascal,795.75 revolutions_per_minute,0.0 kilometer_per_hour,0.5 degree,75 degree_Celsius,14.117647058823529 percent,"((), (False, False, False, False), (False, False, True, True))",0.09 volt,0.73 volt,EOBD (Europe),0.0 kilometer,14.117647058823529 percent
2026-05-11T13:48:27+00:00,MIL=False DTC=0 ignition=spark,"('Closed loop, using oxygen sensor feedback to determine fuel mix', '')",38.8235294117647 percent,90 degree_Celsius,-1.5625 percent,9.375 percent,48 kilopascal,801.25 revolutions_per_minute,0.0 kilometer_per_hour,2.0 degree,75 degree_Celsius,14.117647058823529 percent,"((), (False, False, False, False), (False, False, True, True))",0.12 volt,0.72 volt,EOBD (Europe),0.0 kilometer,14.117647058823529 percent
2026-05-11T13:48:30+00:00,MIL=False DTC=0 ignition=spark,"('Closed loop, using oxygen sensor feedback to determine fuel mix', '')",38.8235294117647 percent,90 degree_Celsius,0.0 percent,9.375 percent,47 kilopascal,806.0 revolutions_per_minute,0.0 kilometer_per_hour,3.5 degree,75 degree_Celsius,14.117647058823529 percent,"((), (False, False, False, False), (False, False, True, True))",0.1 volt,0.72 volt,EOBD (Europe),0.0 kilometer,14.117647058823529 percent
2026-05-11T13:48:34+00:00,MIL=False DTC=0 ignition=spark,"('Closed loop, using oxygen sensor feedback to determine fuel mix', '')",38.8235294117647 percent,90 degree_Celsius,0.0 percent,9.375 percent,47 kilopascal,806.0 revolutions_per_minute,0.0 kilometer_per_hour,2.0 degree,75 degree_Celsius,13.72549019607843 percent,"((), (False, False, False, False), (False, False, True, True))",0.13 volt,0.72 volt,EOBD (Europe),0.0 kilometer,13.72549019607843 percent
2026-05-11T13:48:38+00:00,MIL=False DTC=0 ignition=spark,"('Closed loop, using oxygen sensor feedback to determine fuel mix', '')",38.431372549019606 percent,90 degree_Celsius,0.0 percent,9.375 percent,47 kilopascal,809.75 revolutions_per_minute,0.0 kilometer_per_hour,1.5 degree,75 degree_Celsius,14.117647058823529 percent,"((), (False, False, False, False), (False, False, True, True))",0.1 volt,0.725 volt,EOBD (Europe),0.0 kilometer,14.117647058823529 percent
2026-05-11T13:48:41+00:00,MIL=False DTC=0 ignition=spark,"('Closed loop, using oxygen sensor feedback to determine fuel mix', '')",38.8235294117647 percent,90 degree_Celsius,1.5625 percent,9.375 percent,47 kilopascal,795.5 revolutions_per_minute,0.0 kilometer_per_hour,1.5 degree,75 degree_Celsius,14.117647058823529 percent,"((), (False, False, False, False), (False, False, True, True))",0.145 volt,0.725 volt,EOBD (Europe),0.0 kilometer,13.72549019607843 percent
2026-05-11T13:48:45+00:00,MIL=False DTC=0 ignition=spark,"('Closed loop, using oxygen sensor feedback to determine fuel mix', '')",38.431372549019606 percent,90 degree_Celsius,-2.34375 percent,9.375 percent,47 kilopascal,788.0 revolutions_per_minute,0.0 kilometer_per_hour,0.0 degree,75 degree_Celsius,14.117647058823529 percent,"((), (False, False, False, False), (False, False, True, True))",0.675 volt,0.735 volt,EOBD (Europe),0.0 kilometer,14.117647058823529 percent
2026-05-11T13:48:49+00:00,MIL=False DTC=0 ignition=spark,"('Closed loop, using oxygen sensor feedback to determine fuel mix', '')",38.431372549019606 percent,90 degree_Celsius,0.78125 percent,9.375 percent,46 kilopascal,791.0 revolutions_per_minute,0.0 kilometer_per_hour,3.5 degree,75 degree_Celsius,14.509803921568627 percent,"((), (False, False, False, False), (False, False, True, True))",0.115 volt,0.795 volt,EOBD (Europe),0.0 kilometer,14.901960784313726 percent
2026-05-11T13:48:53+00:00,MIL=False DTC=0 ignition=spark,"('Closed loop, using oxygen sensor feedback to determine fuel mix', '')",64.70588235294117 percent,90 degree_Celsius,-7.03125 percent,9.375 percent,70 kilopascal,1713.5 revolutions_per_minute,12.0 kilometer_per_hour,14.0 degree,75 degree_Celsius,21.176470588235293 percent,"((), (False, False, False, False), (False, False, True, True))",0.075 volt,0.71 volt,EOBD (Europe),0.0 kilometer,14.117647058823529 percent
2026-05-11T13:48:56+00:00,MIL=False DTC=0 ignition=spark,"('Closed loop, using oxygen sensor feedback to determine fuel mix', '')",94.50980392156863 percent,90 degree_Celsius,-4.6875 percent,9.375 percent,80 kilopascal,1924.25 revolutions_per_minute,25.0 kilometer_per_hour,12.0 degree,75 degree_Celsius,14.117647058823529 percent,"((), (False, False, False, False), (False, False, True, True))",0.05 volt,0.04 volt,EOBD (Europe),0.0 kilometer,14.509803921568627 percent
2026-05-11T13:49:00+00:00,MIL=False DTC=0 ignition=spark,"('Closed loop, using oxygen sensor feedback to determine fuel mix', '')",32.94117647058823 percent,89 degree_Celsius,0.0 percent,9.375 percent,37 kilopascal,1295.5 revolutions_per_minute,24.0 kilometer_per_hour,13.5 degree,75 degree_Celsius,15.294117647058824 percent,"((), (False, False, False, False), (False, False, True, True))",0.12 volt,0.17 volt,EOBD (Europe),0.0 kilometer,14.509803921568627 percent
2026-05-11T13:49:04+00:00,MIL=False DTC=0 ignition=spark,"('Closed loop, using oxygen sensor feedback to determine fuel mix', '')",66.27450980392157 percent,89 degree_Celsius,-4.6875 percent,9.375 percent,99 kilopascal,1508.0 revolutions_per_minute,28.0 kilometer_per_hour,3.0 degree,75 degree_Celsius,16.470588235294116 percent,"((), (False, False, False, False), (False, False, True, True))",0.01 volt,0.575 volt,EOBD (Europe),0.0 kilometer,14.117647058823529 percent
2026-05-11T13:49:07+00:00,MIL=False DTC=0 ignition=spark,"('Closed loop, using oxygen sensor feedback to determine fuel mix', '')",29.41176470588235 percent,90 degree_Celsius,0.0 percent,9.375 percent,36 kilopascal,923.25 revolutions_per_minute,19.0 kilometer_per_hour,5.0 degree,75 degree_Celsius,13.72549019607843 percent,"((), (False, False, False, False), (False, False, True, True))",0.635 volt,0.475 volt,EOBD (Europe),0.0 kilometer,13.72549019607843 percent
2026-05-11T13:49:11+00:00,MIL=False DTC=0 ignition=spark,"('Closed loop, using oxygen sensor feedback to determine fuel mix', '')",30.19607843137255 percent,90 degree_Celsius,-2.34375 percent,9.375 percent,38 kilopascal,869.0 revolutions_per_minute,16.0 kilometer_per_hour,7.5 degree,75 degree_Celsius,13.333333333333334 percent,"((), (False, False, False, False), (False, False, True, True))",0.335 volt,0.455 volt,EOBD (Europe),0.0 kilometer,16.862745098039216 percent
2026-05-11T13:49:15+00:00,MIL=False DTC=0 ignition=spark,"('Closed loop, using oxygen sensor feedback to determine fuel mix', '')",92.15686274509804 percent,90 degree_Celsius,-8.59375 percent,9.375 percent,76 kilopascal,1826.0 revolutions_per_minute,24.0 kilometer_per_hour,12.5 degree,75 degree_Celsius,14.901960784313726 percent,"((), (False, False, False, False), (False, False, True, True))",0.805 volt,0.665 volt,EOBD (Europe),0.0 kilometer,14.901960784313726 percent
2026-05-11T13:49:18+00:00,MIL=False DTC=0 ignition=spark,"('Closed loop, using oxygen sensor feedback to determine fuel mix', '')",57.254901960784316 percent,89 degree_Celsius,0.0 percent,9.375 percent,30 kilopascal,1261.75 revolutions_per_minute,26.0 kilometer_per_hour,9.0 degree,74 degree_Celsius,14.117647058823529 percent,"((), (False, False, False, False), (False, False, True, True))",0.785 volt,0.125 volt,EOBD (Europe),0.0 kilometer,16.07843137254902 percent
2026-05-11T13:49:22+00:00,MIL=False DTC=0 ignition=spark,"('Closed loop, using oxygen sensor feedback to determine fuel mix', '')",38.8235294117647 percent,88 degree_Celsius,3.125 percent,9.375 percent,45 kilopascal,1439.0 revolutions_per_minute,27.0 kilometer_per_hour,14.0 degree,74 degree_Celsius,14.117647058823529 percent,"((), (False, False, False, False), (False, False, True, True))",0.815 volt,0.155 volt,EOBD (Europe),0.0 kilometer,14.901960784313726 percent
2026-05-11T13:49:26+00:00,MIL=False DTC=0 ignition=spark,"('Closed loop, using oxygen sensor feedback to determine fuel mix', '')",41.568627450980394 percent,88 degree_Celsius,0.0 percent,9.375 percent,44 kilopascal,1472.25 revolutions_per_minute,27.0 kilometer_per_hour,22.5 degree,74 degree_Celsius,15.294117647058824 percent,"((), (False, False, False, False), (False, False, True, True))",0.08 volt,0.16 volt,EOBD (Europe),0.0 kilometer,14.901960784313726 percent
2026-05-11T13:49:29+00:00,MIL=False DTC=0 ignition=spark,"('Closed loop, using oxygen sensor feedback to determine fuel mix', '')",25.88235294117647 percent,88 degree_Celsius,0.78125 percent,9.375 percent,33 kilopascal,1366.5 revolutions_per_minute,25.0 kilometer_per_hour,18.0 degree,74 degree_Celsius,19.215686274509803 percent,"((), (False, False, False, False), (False, False, True, True))",0.775 volt,0.225 volt,EOBD (Europe),0.0 kilometer,27.45098039215686 percent
2026-05-11T13:49:33+00:00,MIL=False DTC=0 ignition=spark,"('Closed loop, using oxygen sensor feedback to determine fuel mix', '')",95.29411764705883 percent,89 degree_Celsius,-0.78125 percent,9.375 percent,99 kilopascal,1895.0 revolutions_per_minute,36.0 kilometer_per_hour,3.0 degree,75 degree_Celsius,85.49019607843137 percent,"((), (False, False, False, False), (False, False, True, True))",0.09 volt,0.67 volt,EOBD (Europe),0.0 kilometer,85.88235294117646 percent
2026-05-11T13:49:37+00:00,MIL=False DTC=0 ignition=spark,"('Open loop due to engine load OR fuel cut due to deceleration', '')",25.098039215686274 percent,88 degree_Celsius,0.0 percent,9.375 percent,41 kilopascal,1102.25 revolutions_per_minute,44.0 kilometer_per_hour,-16.5 degree,74 degree_Celsius,14.901960784313726 percent,"((), (False, False, False, False), (False, False, True, True))",0.73 volt,0.565 volt,EOBD (Europe),0.0 kilometer,85.88235294117646 percent
2026-05-11T13:49:40+00:00,MIL=False DTC=0 ignition=spark,"('Closed loop, using oxygen sensor feedback to determine fuel mix', '')",60.0 percent,89 degree_Celsius,-2.34375 percent,9.375 percent,49 kilopascal,2041.25 revolutions_per_minute,50.0 kilometer_per_hour,29.0 degree,72 degree_Celsius,18.823529411764707 percent,"((), (False, False, False, False), (False, False, True, True))",0.66 volt,0.425 volt,EOBD (Europe),0.0 kilometer,16.470588235294116 percent
2026-05-11T13:49:44+00:00,MIL=False DTC=0 ignition=spark,"('Open loop due to engine load OR fuel cut due to deceleration', '')",21.568627450980394 percent,89 degree_Celsius,0.0 percent,9.375 percent,27 kilopascal,1943.75 revolutions_per_minute,47.0 kilometer_per_hour,-11.5 degree,72 degree_Celsius,16.07843137254902 percent,"((), (False, False, False, False), (False, False, True, True))",0.055 volt,0.045 volt,EOBD (Europe),0.0 kilometer,16.862745098039216 percent
2026-05-11T13:49:48+00:00,MIL=False DTC=0 ignition=spark,"('Closed loop, using oxygen sensor feedback to determine fuel mix', '')",38.8235294117647 percent,89 degree_Celsius,-0.78125 percent,9.375 percent,48 kilopascal,1938.25 revolutions_per_minute,47.0 kilometer_per_hour,27.0 degree,72 degree_Celsius,19.215686274509803 percent,"((), (False, False, False, False), (False, False, True, True))",0.18 volt,0.14 volt,EOBD (Europe),0.0 kilometer,14.509803921568627 percent
2026-05-11T13:49:51+00:00,MIL=False DTC=0 ignition=spark,"('Closed loop, using oxygen sensor feedback to determine fuel mix', '')",21.568627450980394 percent,89 degree_Celsius,0.0 percent,9.375 percent,26 kilopascal,1926.0 revolutions_per_minute,47.0 kilometer_per_hour,-12.0 degree,72 degree_Celsius,16.470588235294116 percent,"((), (False, False, False, False), (False, False, True, True))",0.07 volt,0.065 volt,EOBD (Europe),0.0 kilometer,14.901960784313726 percent
2026-05-11T13:49:55+00:00,MIL=False DTC=0 ignition=spark,"('Open loop due to engine load OR fuel cut due to deceleration', '')",32.94117647058823 percent,88 degree_Celsius,-1.5625 percent,9.375 percent,42 kilopascal,897.25 revolutions_per_minute,41.0 kilometer_per_hour,4.5 degree,72 degree_Celsius,14.117647058823529 percent,"((), (False, False, False, False), (False, False, True, True))",0.11 volt,0.08 volt,EOBD (Europe),0.0 kilometer,14.117647058823529 percent
2026-05-11T13:49:59+00:00,MIL=False DTC=0 ignition=spark,"('Closed loop, using oxygen sensor feedback to determine fuel mix', '')",35.68627450980392 percent,88 degree_Celsius,0.78125 percent,9.375 percent,44 kilopascal,854.0 revolutions_per_minute,31.0 kilometer_per_hour,5.0 degree,72 degree_Celsius,13.72549019607843 percent,"((), (False, False, False, False), (False, False, True, True))",0.27 volt,0.13 volt,EOBD (Europe),0.0 kilometer,14.117647058823529 percent
2026-05-11T13:50:02+00:00,MIL=False DTC=0 ignition=spark,"('Closed loop, using oxygen sensor feedback to determine fuel mix', '')",34.90196078431372 percent,89 degree_Celsius,0.78125 percent,9.375 percent,44 kilopascal,861.25 revolutions_per_minute,18.0 kilometer_per_hour,6.0 degree,72 degree_Celsius,13.72549019607843 percent,"((), (False, False, False, False), (False, False, True, True))",0.205 volt,0.145 volt,EOBD (Europe),0.0 kilometer,13.72549019607843 percent
2026-05-11T13:50:06+00:00,MIL=False DTC=0 ignition=spark,"('Closed loop, using oxygen sensor feedback to determine fuel mix', '')",25.88235294117647 percent,89 degree_Celsius,0.0 percent,9.375 percent,34 kilopascal,1134.5 revolutions_per_minute,15.0 kilometer_per_hour,15.0 degree,72 degree_Celsius,14.901960784313726 percent,"((), (False, False, False, False), (False, False, True, True))",0.775 volt,0.16 volt,EOBD (Europe),0.0 kilometer,14.117647058823529 percent
2026-05-11T13:50:10+00:00,MIL=False DTC=0 ignition=spark,"('Closed loop, using oxygen sensor feedback to determine fuel mix', '')",26.666666666666668 percent,90 degree_Celsius,-3.90625 percent,9.375 percent,37 kilopascal,926.5 revolutions_per_minute,12.0 kilometer_per_hour,21.0 degree,72 degree_Celsius,14.901960784313726 percent,"((), (False, False, False, False), (False, False, True, True))",0.07 volt,0.17 volt,EOBD (Europe),0.0 kilometer,13.72549019607843 percent
2026-05-11T13:50:14+00:00,MIL=False DTC=0 ignition=spark,"('Closed loop, using oxygen sensor feedback to determine fuel mix', '')",95.29411764705883 percent,89 degree_Celsius,-7.8125 percent,9.375 percent,99 kilopascal,1095.5 revolutions_per_minute,15.0 kilometer_per_hour,-4.5 degree,72 degree_Celsius,57.254901960784316 percent,"((), (False, False, False, False), (False, False, True, True))",0.16 volt,0.74 volt,EOBD (Europe),0.0 kilometer,85.88235294117646 percent
2026-05-11T13:50:17+00:00,MIL=False DTC=0 ignition=spark,"('Closed loop, using oxygen sensor feedback to determine fuel mix', '')",95.68627450980392 percent,89 degree_Celsius,-2.34375 percent,9.375 percent,89 kilopascal,2503.5 revolutions_per_minute,33.0 kilometer_per_hour,-11.5 degree,72 degree_Celsius,14.901960784313726 percent,"((), (False, False, False, False), (False, False, True, True))",0.105 volt,0.065 volt,EOBD (Europe),0.0 kilometer,17.254901960784313 percent
2026-05-11T13:50:21+00:00,MIL=False DTC=0 ignition=spark,"('Closed loop, using oxygen sensor feedback to determine fuel mix', '')",72.94117647058823 percent,87 degree_Celsius,-5.46875 percent,9.375 percent,77 kilopascal,2088.0 revolutions_per_minute,39.0 kilometer_per_hour,15.5 degree,71 degree_Celsius,29.80392156862745 percent,"((), (False, False, False, False), (False, False, True, True))",0.28 volt,0.63 volt,EOBD (Europe),0.0 kilometer,19.607843137254903 percent
2026-05-11T13:50:25+00:00,MIL=False DTC=0 ignition=spark,"('Closed loop, using oxygen sensor feedback to determine fuel mix', '')",45.490196078431374 percent,87 degree_Celsius,1.5625 percent,9.375 percent,50 kilopascal,2351.5 revolutions_per_minute,44.0 kilometer_per_hour,11.0 degree,71 degree_Celsius,31.764705882352942 percent,"((), (False, False, False, False), (False, False, True, True))",0.155 volt,0.705 volt,EOBD (Europe),0.0 kilometer,18.431372549019606 percent
2026-05-11T13:50:28+00:00,MIL=False DTC=0 ignition=spark,"('Open loop due to engine load OR fuel cut due to deceleration', '')",23.529411764705884 percent,88 degree_Celsius,0.0 percent,9.375 percent,43 kilopascal,1196.5 revolutions_per_minute,47.0 kilometer_per_hour,3.0 degree,69 degree_Celsius,13.72549019607843 percent,"((), (False, False, False, False), (False, False, True, True))",0.78 volt,0.13 volt,EOBD (Europe),0.0 kilometer,23.92156862745098 percent
2026-05-11T13:50:32+00:00,MIL=False DTC=0 ignition=spark,"('Closed loop, using oxygen sensor feedback to determine fuel mix', '')",48.23529411764706 percent,89 degree_Celsius,5.46875 percent,9.375 percent,85 kilopascal,2012.75 revolutions_per_minute,50.0 kilometer_per_hour,11.0 degree,69 degree_Celsius,28.627450980392158 percent,"((), (False, False, False, False), (False, False, True, True))",0.7 volt,0.635 volt,EOBD (Europe),0.0 kilometer,24.705882352941178 percent
2026-05-11T13:50:36+00:00,MIL=False DTC=0 ignition=spark,"('Closed loop, using oxygen sensor feedback to determine fuel mix', '')",32.15686274509804 percent,89 degree_Celsius,1.5625 percent,9.375 percent,26 kilopascal,2144.5 revolutions_per_minute,52.0 kilometer_per_hour,-10.5 degree,69 degree_Celsius,17.254901960784313 percent,"((), (False, False, False, False), (False, False, True, True))",0.79 volt,0.125 volt,EOBD (Europe),0.0 kilometer,15.686274509803921 percent
2026-05-11T13:50:40+00:00,MIL=False DTC=0 ignition=spark,"('Open loop due to engine load OR fuel cut due to deceleration', '')",29.80392156862745 percent,89 degree_Celsius,0.0 percent,9.375 percent,39 kilopascal,1090.5 revolutions_per_minute,48.0 kilometer_per_hour,5.0 degree,69 degree_Celsius,14.117647058823529 percent,"((), (False, False, False, False), (False, False, True, True))",0.075 volt,0.135 volt,EOBD (Europe),0.0 kilometer,14.117647058823529 percent
2026-05-11T13:50:43+00:00,MIL=False DTC=0 ignition=spark,"('Closed loop, using oxygen sensor feedback to determine fuel mix', '')",34.11764705882353 percent,89 degree_Celsius,-0.78125 percent,9.375 percent,43 kilopascal,870.5 revolutions_per_minute,43.0 kilometer_per_hour,3.5 degree,69 degree_Celsius,13.72549019607843 percent,"((), (False, False, False, False), (False, False, True, True))",0.685 volt,0.155 volt,EOBD (Europe),0.0 kilometer,13.72549019607843 percent
2026-05-11T13:50:47+00:00,MIL=False DTC=0 ignition=spark,"('Closed loop, using oxygen sensor feedback to determine fuel mix', '')",35.294117647058826 percent,89 degree_Celsius,1.5625 percent,9.375 percent,44 kilopascal,874.0 revolutions_per_minute,35.0 kilometer_per_hour,3.5 degree,69 degree_Celsius,13.72549019607843 percent,"((), (False, False, False, False), (False, False, True, True))",0.685 volt,0.17 volt,EOBD (Europe),0.0 kilometer,13.72549019607843 percent
2026-05-11T13:50:51+00:00,MIL=False DTC=0 ignition=spark,"('Closed loop, using oxygen sensor feedback to determine fuel mix', '')",38.03921568627451 percent,90 degree_Celsius,0.78125 percent,9.375 percent,47 kilopascal,861.25 revolutions_per_minute,19.0 kilometer_per_hour,6.0 degree,69 degree_Celsius,13.72549019607843 percent,"((), (False, False, False, False), (False, False, True, True))",0.525 volt,0.18 volt,EOBD (Europe),0.0 kilometer,14.509803921568627 percent
2026-05-11T13:50:54+00:00,MIL=False DTC=0 ignition=spark,"('Closed loop, using oxygen sensor feedback to determine fuel mix', '')",39.21568627450981 percent,90 degree_Celsius,-1.5625 percent,9.375 percent,47 kilopascal,861.0 revolutions_per_minute,15.0 kilometer_per_hour,11.0 degree,69 degree_Celsius,14.509803921568627 percent,"((), (False, False, False, False), (False, False, True, True))",0.68 volt,0.185 volt,EOBD (Europe),0.0 kilometer,13.72549019607843 percent
2026-05-11T13:50:58+00:00,MIL=False DTC=0 ignition=spark,"('Closed loop, using oxygen sensor feedback to determine fuel mix', '')",35.294117647058826 percent,90 degree_Celsius,-4.6875 percent,9.375 percent,43 kilopascal,806.75 revolutions_per_minute,13.0 kilometer_per_hour,-7.5 degree,69 degree_Celsius,21.568627450980394 percent,"((), (False, False, False, False), (False, False, True, True))",0.785 volt,0.42 volt,EOBD (Europe),0.0 kilometer,31.372549019607842 percent
2026-05-11T13:51:02+00:00,MIL=False DTC=0 ignition=spark,"('Closed loop, using oxygen sensor feedback to determine fuel mix', '')",86.66666666666667 percent,90 degree_Celsius,-3.90625 percent,9.375 percent,92 kilopascal,1869.5 revolutions_per_minute,25.0 kilometer_per_hour,9.5 degree,69 degree_Celsius,15.294117647058824 percent,"((), (False, False, False, False), (False, False, True, True))",0.025 volt,0.035 volt,EOBD (Europe),0.0 kilometer,14.117647058823529 percent
2026-05-11T13:51:05+00:00,MIL=False DTC=0 ignition=spark,"('Closed loop, using oxygen sensor feedback to determine fuel mix', '')",94.90196078431373 percent,88 degree_Celsius,-7.03125 percent,9.375 percent,99 kilopascal,1692.25 revolutions_per_minute,32.0 kilometer_per_hour,4.5 degree,69 degree_Celsius,85.49019607843137 percent,"((), (False, False, False, False), (False, False, True, True))",0.59 volt,0.625 volt,EOBD (Europe),0.0 kilometer,85.88235294117646 percent
2026-05-11T13:51:09+00:00,MIL=False DTC=0 ignition=spark,"('Closed loop, using oxygen sensor feedback to determine fuel mix', '')",25.098039215686274 percent,87 degree_Celsius,0.0 percent,9.375 percent,40 kilopascal,1158.75 revolutions_per_minute,41.0 kilometer_per_hour,-3.0 degree,69 degree_Celsius,13.72549019607843 percent,"((), (False, False, False, False), (False, False, True, True))",0.7 volt,0.155 volt,EOBD (Europe),0.0 kilometer,86.27450980392157 percent
2026-05-11T13:51:13+00:00,MIL=False DTC=0 ignition=spark,"('Closed loop, using oxygen sensor feedback to determine fuel mix', '')",69.41176470588235 percent,87 degree_Celsius,-6.25 percent,9.375 percent,70 kilopascal,1912.75 revolutions_per_minute,46.0 kilometer_per_hour,18.5 degree,69 degree_Celsius,19.607843137254903 percent,"((), (False, False, False, False), (False, False, True, True))",0.18 volt,0.64 volt,EOBD (Europe),0.0 kilometer,19.607843137254903 percent
2026-05-11T13:51:16+00:00,MIL=False DTC=0 ignition=spark,"('Closed loop, using oxygen sensor feedback to determine fuel mix', '')",61.568627450980394 percent,88 degree_Celsius,-12.5 percent,9.375 percent,61 kilopascal,2088.25 revolutions_per_minute,51.0 kilometer_per_hour,26.0 degree,68 degree_Celsius,19.215686274509803 percent,"((), (False, False, False, False), (False, False, True, True))",0.06 volt,0.65 volt,EOBD (Europe),0.0 kilometer,15.294117647058824 percent
2026-05-11T13:51:20+00:00,MIL=False DTC=0 ignition=spark,"('Open loop due to engine load OR fuel cut due to deceleration', '')",31.372549019607842 percent,89 degree_Celsius,-1.5625 percent,9.375 percent,41 kilopascal,889.5 revolutions_per_minute,49.0 kilometer_per_hour,5.0 degree,68 degree_Celsius,13.333333333333334 percent,"((), (False, False, False, False), (False, False, True, True))",0.71 volt,0.15 volt,EOBD (Europe),0.0 kilometer,14.117647058823529 percent
2026-05-11T13:51:24+00:00,MIL=False DTC=0 ignition=spark,"('Closed loop, using oxygen sensor feedback to determine fuel mix', '')",34.90196078431372 percent,89 degree_Celsius,-3.125 percent,9.375 percent,43 kilopascal,860.75 revolutions_per_minute,46.0 kilometer_per_hour,5.0 degree,69 degree_Celsius,13.72549019607843 percent,"((), (False, False, False, False), (False, False, True, True))",0.595 volt,0.17 volt,EOBD (Europe),0.0 kilometer,13.72549019607843 percent
2026-05-11T13:51:27+00:00,MIL=False DTC=0 ignition=spark,"('Closed loop, using oxygen sensor feedback to determine fuel mix', '')",34.11764705882353 percent,90 degree_Celsius,0.0 percent,9.375 percent,42 kilopascal,850.75 revolutions_per_minute,44.0 kilometer_per_hour,6.0 degree,69 degree_Celsius,13.72549019607843 percent,"((), (False, False, False, False), (False, False, True, True))",0.185 volt,0.18 volt,EOBD (Europe),0.0 kilometer,13.72549019607843 percent
2026-05-11T13:51:31+00:00,MIL=False DTC=0 ignition=spark,"('Closed loop, using oxygen sensor feedback to determine fuel mix', '')",34.11764705882353 percent,90 degree_Celsius,-1.5625 percent,9.375 percent,43 kilopascal,844.25 revolutions_per_minute,36.0 kilometer_per_hour,5.0 degree,69 degree_Celsius,13.72549019607843 percent,"((), (False, False, False, False), (False, False, True, True))",0.09 volt,0.19 volt,EOBD (Europe),0.0 kilometer,13.72549019607843 percent
2026-05-11T13:51:35+00:00,MIL=False DTC=0 ignition=spark,"('Closed loop, using oxygen sensor feedback to determine fuel mix', '')",34.90196078431372 percent,90 degree_Celsius,-0.78125 percent,9.375 percent,44 kilopascal,826.75 revolutions_per_minute,18.0 kilometer_per_hour,4.5 degree,69 degree_Celsius,13.72549019607843 percent,"((), (False, False, False, False), (False, False, True, True))",0.675 volt,0.195 volt,EOBD (Europe),0.0 kilometer,13.72549019607843 percent
2026-05-11T13:51:39+00:00,MIL=False DTC=0 ignition=spark,"('Closed loop, using oxygen sensor feedback to determine fuel mix', '')",35.68627450980392 percent,90 degree_Celsius,2.34375 percent,9.375 percent,44 kilopascal,844.5 revolutions_per_minute,2.0 kilometer_per_hour,3.0 degree,69 degree_Celsius,13.333333333333334 percent,"((), (False, False, False, False), (False, False, True, True))",0.725 volt,0.195 volt,EOBD (Europe),0.0 kilometer,13.72549019607843 percent
2026-05-11T13:51:42+00:00,MIL=False DTC=0 ignition=spark,"('Closed loop, using oxygen sensor feedback to determine fuel mix', '')",36.470588235294116 percent,89 degree_Celsius,4.6875 percent,9.375 percent,44 kilopascal,794.75 revolutions_per_minute,0.0 kilometer_per_hour,2.0 degree,69 degree_Celsius,13.72549019607843 percent,"((), (False, False, False, False), (False, False, True, True))",0.12 volt,0.2 volt,EOBD (Europe),0.0 kilometer,13.72549019607843 percent
2026-05-11T13:51:46+00:00,MIL=False DTC=0 ignition=spark,"('Closed loop, using oxygen sensor feedback to determine fuel mix', '')",37.254901960784316 percent,88 degree_Celsius,7.03125 percent,9.375 percent,47 kilopascal,771.25 revolutions_per_minute,0.0 kilometer_per_hour,0.5 degree,69 degree_Celsius,13.72549019607843 percent,"((), (False, False, False, False), (False, False, True, True))",0.105 volt,0.205 volt,EOBD (Europe),0.0 kilometer,13.72549019607843 percent
2026-05-11T13:51:50+00:00,MIL=False DTC=0 ignition=spark,"('Closed loop, using oxygen sensor feedback to determine fuel mix', '')",36.86274509803921 percent,88 degree_Celsius,4.6875 percent,9.375 percent,46 kilopascal,769.0 revolutions_per_minute,0.0 kilometer_per_hour,3.5 degree,69 degree_Celsius,13.72549019607843 percent,"((), (False, False, False, False), (False, False, True, True))",0.66 volt,0.205 volt,EOBD (Europe),0.0 kilometer,13.72549019607843 percent
2026-05-11T13:51:53+00:00,MIL=False DTC=0 ignition=spark,"('Closed loop, using oxygen sensor feedback to determine fuel mix', '')",36.470588235294116 percent,87 degree_Celsius,3.90625 percent,9.375 percent,46 kilopascal,797.5 revolutions_per_minute,0.0 kilometer_per_hour,3.0 degree,69 degree_Celsius,13.72549019607843 percent,"((), (False, False, False, False), (False, False, True, True))",0.445 volt,0.205 volt,EOBD (Europe),0.0 kilometer,13.72549019607843 percent
2026-05-11T13:51:57+00:00,MIL=False DTC=0 ignition=spark,"('Closed loop, using oxygen sensor feedback to determine fuel mix', '')",37.254901960784316 percent,87 degree_Celsius,4.6875 percent,9.375 percent,46 kilopascal,772.25 revolutions_per_minute,0.0 kilometer_per_hour,2.0 degree,69 degree_Celsius,13.72549019607843 percent,"((), (False, False, False, False), (False, False, True, True))",0.14 volt,0.205 volt,EOBD (Europe),0.0 kilometer,13.72549019607843 percent
2026-05-11T13:52:01+00:00,MIL=False DTC=0 ignition=spark,"('Closed loop, using oxygen sensor feedback to determine fuel mix', '')",37.254901960784316 percent,87 degree_Celsius,4.6875 percent,9.375 percent,46 kilopascal,794.25 revolutions_per_minute,0.0 kilometer_per_hour,3.5 degree,69 degree_Celsius,13.72549019607843 percent,"((), (False, False, False, False), (False, False, True, True))",0.68 volt,0.205 volt,EOBD (Europe),0.0 kilometer,13.72549019607843 percent
2026-05-11T13:52:04+00:00,MIL=False DTC=0 ignition=spark,"('Closed loop, using oxygen sensor feedback to determine fuel mix', '')",36.86274509803921 percent,88 degree_Celsius,0.0 percent,9.375 percent,46 kilopascal,797.75 revolutions_per_minute,0.0 kilometer_per_hour,2.0 degree,69 degree_Celsius,13.72549019607843 percent,"((), (False, False, False, False), (False, False, True, True))",0.66 volt,0.205 volt,EOBD (Europe),0.0 kilometer,14.117647058823529 percent
2026-05-11T13:52:08+00:00,MIL=False DTC=0 ignition=spark,"('Closed loop, using oxygen sensor feedback to determine fuel mix', '')",47.84313725490196 percent,88 degree_Celsius,-0.78125 percent,9.375 percent,60 kilopascal,653.5 revolutions_per_minute,5.0 kilometer_per_hour,8.0 degree,69 degree_Celsius,14.509803921568627 percent,"((), (False, False, False, False), (False, False, True, True))",0.105 volt,0.65 volt,EOBD (Europe),0.0 kilometer,85.88235294117646 percent
2026-05-11T13:52:12+00:00,MIL=False DTC=0 ignition=spark,"('Closed loop, using oxygen sensor feedback to determine fuel mix', '')",43.92156862745098 percent,88 degree_Celsius,-0.78125 percent,9.375 percent,30 kilopascal,1198.25 revolutions_per_minute,15.0 kilometer_per_hour,4.5 degree,68 degree_Celsius,13.72549019607843 percent,"((), (False, False, False, False), (False, False, True, True))",0.8 volt,0.13 volt,EOBD (Europe),0.0 kilometer,13.72549019607843 percent
2026-05-11T13:52:15+00:00,MIL=False DTC=0 ignition=spark,"('Closed loop, using oxygen sensor feedback to determine fuel mix', '')",35.68627450980392 percent,88 degree_Celsius,1.5625 percent,9.375 percent,44 kilopascal,836.0 revolutions_per_minute,10.0 kilometer_per_hour,6.0 degree,69 degree_Celsius,13.72549019607843 percent,"((), (False, False, False, False), (False, False, True, True))",0.105 volt,0.175 volt,EOBD (Europe),0.0 kilometer,14.117647058823529 percent
2026-05-11T13:52:19+00:00,MIL=False DTC=0 ignition=spark,"('Closed loop, using oxygen sensor feedback to determine fuel mix', '')",38.431372549019606 percent,87 degree_Celsius,-1.5625 percent,9.375 percent,58 kilopascal,1104.25 revolutions_per_minute,8.0 kilometer_per_hour,-24.0 degree,69 degree_Celsius,86.66666666666667 percent,"((), (False, False, False, False), (False, False, True, True))",0.8 volt,0.785 volt,EOBD (Europe),0.0 kilometer,18.823529411764707 percent
2026-05-11T13:52:23+00:00,MIL=False DTC=0 ignition=spark,"('Closed loop, using oxygen sensor feedback to determine fuel mix', '')",41.568627450980394 percent,88 degree_Celsius,0.0 percent,9.375 percent,31 kilopascal,1176.75 revolutions_per_minute,16.0 kilometer_per_hour,2.0 degree,68 degree_Celsius,13.72549019607843 percent,"((), (False, False, False, False), (False, False, True, True))",0.77 volt,0.125 volt,EOBD (Europe),0.0 kilometer,17.647058823529413 percent
2026-05-11T13:52:26+00:00,MIL=False DTC=0 ignition=spark,"('Closed loop, using oxygen sensor feedback to determine fuel mix', '')",71.37254901960785 percent,87 degree_Celsius,-9.375 percent,9.375 percent,69 kilopascal,1754.0 revolutions_per_minute,23.0 kilometer_per_hour,21.5 degree,68 degree_Celsius,20.392156862745097 percent,"((), (False, False, False, False), (False, False, True, True))",0.725 volt,0.62 volt,EOBD (Europe),0.0 kilometer,18.03921568627451 percent
2026-05-11T13:52:30+00:00,MIL=False DTC=0 ignition=spark,"('Closed loop, using oxygen sensor feedback to determine fuel mix', '')",22.352941176470587 percent,87 degree_Celsius,0.0 percent,9.375 percent,39 kilopascal,1107.75 revolutions_per_minute,25.0 kilometer_per_hour,9.0 degree,68 degree_Celsius,13.72549019607843 percent,"((), (False, False, False, False), (False, False, True, True))",0.78 volt,0.46 volt,EOBD (Europe),0.0 kilometer,14.117647058823529 percent
2026-05-11T13:52:34+00:00,MIL=False DTC=0 ignition=spark,"('Closed loop, using oxygen sensor feedback to determine fuel mix', '')",36.86274509803921 percent,87 degree_Celsius,0.78125 percent,9.375 percent,45 kilopascal,806.5 revolutions_per_minute,16.0 kilometer_per_hour,5.0 degree,68 degree_Celsius,13.72549019607843 percent,"((), (False, False, False, False), (False, False, True, True))",0.695 volt,0.445 volt,EOBD (Europe),0.0 kilometer,14.117647058823529 percent
2026-05-11T13:52:37+00:00,MIL=False DTC=0 ignition=spark,"('Closed loop, using oxygen sensor feedback to determine fuel mix', '')",37.254901960784316 percent,88 degree_Celsius,0.78125 percent,9.375 percent,46 kilopascal,824.0 revolutions_per_minute,0.0 kilometer_per_hour,3.5 degree,69 degree_Celsius,14.117647058823529 percent,"((), (False, False, False, False), (False, False, True, True))",0.69 volt,0.435 volt,EOBD (Europe),0.0 kilometer,13.72549019607843 percent
2026-05-11T13:52:41+00:00,MIL=False DTC=0 ignition=spark,"('Closed loop, using oxygen sensor feedback to determine fuel mix', '')",36.07843137254902 percent,89 degree_Celsius,-1.5625 percent,9.375 percent,45 kilopascal,801.75 revolutions_per_minute,0.0 kilometer_per_hour,2.0 degree,69 degree_Celsius,13.72549019607843 percent,"((), (False, False, False, False), (False, False, True, True))",0.115 volt,0.425 volt,EOBD (Europe),0.0 kilometer,14.117647058823529 percent
